3,1Time Airline,1T,South Africa,0.94
10,40-Mile Air,Q5,United States,0.99
13,Ansett Australia,AN,Australia,1.00
14,Abacus International,1B,Singapore,0.99
21,Aigle Azur,ZI,France,0.91
22,Aloha Airlines,AQ,United States,0.94
24,American Airlines,AA,United States,0.94
28,Asiana Airlines,OZ,Republic of Korea,0.94
29,Askari Aviation,4K,Pakistan,0.95
32,Afriqiyah Airways,8U,Libya,0.96
35,Allegiant Air,G4,United States,0.92
42,ABSA - Aerolinhas Brasileiras,M3,Brazil,0.99
55,Astral Aviation,8V,Kenya,0.93
68,Air Tindi,8T,Canadian Territories,0.97
72,Ada Air,ZY,Albania,1.00
83,Adria Airways,JP,Slovenia,0.91
90,Air Europa,UX,Spain,0.81
93,Aero Benin,EM,Benin,0.99
96,Aegean Airlines,A3,Greece,0.99
106,Air Europe,PE,Italy,0.97
109,Alaska Central Express,KO,United States,0.94
112,Astraeus,5W,United Kingdom,0.82
114,Aerosvit Airlines,VV,Ukraine,0.94
116,Air Italy,I9,Italy,0.93
120,Alliance Airlines,QQ,Australia,0.93
125,Ariana Afghan Airlines,FG,Afghanistan,0.97
130,Aeroflot Russian Airlines,SU,Russia,0.90
132,Air Bosna,JA,Bosnia and Herzegovina,0.99
137,Air France,AF,France,1.00
139,Air Caledonie International,SB,France,0.91
146,Air Salone,2O,Sierra Leone,1.00
149,Air Cargo Carriers,2Q,United States,1.00
153,Air Namibia,SW,Namibia,0.95
165,Aerolitoral,5D,Mexico,0.91
174,Air Glaciers,7T,Switzerland,0.90
179,Aeroper,PL,Peru,0.92
180,Atlas Blue,8A,Morocco,0.91
197,Azerbaijan Airlines,J2,Azerbaijan,0.95
198,Avies,U3,Estonia,1.00
208,Airblue,ED,Pakistan,0.90
214,Air Berlin,AB,Germany,0.96
218,Air India Limited,AI,India,0.96
220,Air Bourbon,ZB,Reunion,0.90
221,Air Atlanta Icelandic,CC,Iceland,0.93
225,Air Tahiti Nui,TN,France,0.90
231,Arkia Israel Airlines,IZ,Israel,0.94
239,Air Jamaica,JM,Jamaica,0.89
240,Air One,AP,Italy,0.99
241,Air Sahara,S2,India,0.98
242,Air Malta,KM,Malta,0.98
250,Air Japan,NQ,Japan,0.94
263,Air Kiribati,4A,Kiribati,0.90
281,America West Airlines,HP,United States,1.00
282,Air Wisconsin,ZW,United States,0.95
286,Tatarstan Airlines,U9,Russia,1.00
299,Air Libert,VD,France,0.94
306,Air Malawi,QM,Malawi,0.92
312,Air Sicilia,BM,Italy,0.90
316,Air Macau,NX,Macao,0.99
319,Air Seychelles,HM,Seychelles,0.90
321,AeroMéxico,AM,Mexico,0.88
324,All Nippon Airways,NH,Japan,0.96
327,Air Nostrum,YW,Spain,0.97
328,Air Niugini,PX,Papua New Guinea,0.95
329,Air Arabia,G9,United Arab Emirates,0.90
330,Air Canada,AC,Canada,0.93
333,Air Baltic,BT,Latvia,0.94
336,Air Nippon,EL,Japan,0.90
338,Airnorth,TL,Australia,0.92
341,Air North Charter - Canada,4N,Canada,0.95
345,Air New Zealand,NZ,New Zealand,0.99
371,Alitalia Express,XM,Italy,0.97
386,Aero Flight,GV,Germany,1.00
397,Arrow Air,JW,United States,0.94
410,Aerocondor,2B,Portugal,0.96
411,Aires,4C, S.A.,0.94
412,Aerolineas Argentinas,AR,Argentina,0.97
439,Alaska Airlines,AS,ALASKA,0.90
442,Air Sinai,4D,Egypt,0.96
452,Atlantic Southeast Airlines,EV,United States,0.96
462,Astrakhan Airlines,OB,Russia,0.92
465,Air Tanzania,TC,Tanzania,0.98
470,Air Burkina,2J,Burkina Faso,1.00
476,Airlines Of Tasmania,FO,Australia,0.91
477,Air Saint Pierre,PJ,France,0.90
491,Austrian Airlines,OS,Austria,0.98
493,Augsburg Airways,IQ,Germany,0.90
502,Abu Dhabi Amiri Flight,MO,United Arab Emirates,0.86
503,Aeroflot-Nord,5N,Russia,0.92
508,Aurigny Air Services,GR,United Kingdom,0.93
510,Austral Lineas Aereas,AU,Argentina,0.98
515,Avianca - Aerovias Nacionales de Colombia,AV,AVIANCA,1.00
524,Air Vanuatu,NF,Vanuatu,0.91
543,Air Bangladesh,B9,Bangladesh,0.95
547,Air Mediterranee,DR,France,1.00
563,Aeroline GmbH,7E,Germany,0.98
565,Air Wales,6G,United Kingdom,0.97
567,Air Caraïbes,TX,France,0.92
569,Air India Express,IX,India,0.98
575,Air Exel,XT,Netherlands,0.92
576,AirAsia,AK,Malaysia,1.00
595,Atlant-Soyuz Airlines,3G,Russia,0.98
596,Alitalia,AZ,Italy,0.90
603,Amaszonas,Z8,Bolivia,0.94
608,Air Zimbabwe,UM,Zimbabwe,1.00
622,Aserca Airlines,R7,Venezuela,0.94
641,Rossiya-Russian Airlines,FV,Russia,0.91
659,American Eagle Airlines,MQ,United States,0.98
682,Air Ivoire,VU,Ivory Coast,0.98
683,Air Botswana,BP,Botswana,0.95
690,Air Foyle,GS,United Kingdom,0.96
692,Air Tahiti,VT,French Polynesia,0.95
695,Air VIA,VL,Bulgaria,0.99
715,Africa West,FK,Togo,0.98
724,ATRAN Cargo Airlines,V8,Russian Federation,0.92
751,Air China,CA,China,0.99
753,Aero Condor Peru,Q6,Peru,0.97
787,Air Chathams,CV,New Zealand,0.93
788,Air Marshall Islands,CW,Marshall Islands,0.98
792,Access Air,ZA,United States,0.99
794,Air Algerie,AH,Algeria,1.00
800,Adam Air,KI,Indonesia,0.98
807,Air Dolomiti,EN,Italy,0.89
816,Aeroflot-Don,D9,Russia,0.84
817,Air Madrid,NM,Spain,0.95
837,Aer Lingus,EI,Ireland,0.92
876,Air Finland,OF,Finland,0.96
879,Air Pacific,FJ,Fiji,0.91
881,Atlantic Airways,RC,Faroe Islands,0.96
882,Air Florida,QH,United States,0.96
896,Air Iceland,NY,Iceland,0.98
897,Air Philippines,2P,Philippines,0.83
909,Air Guinee Express,2U,Guinea,0.99
921,Air Greenland,GL,Denmark,0.93
928,Atlas Air,5Y,United States,0.96
931,Air Guyane,GG,French Guiana,0.95
970,Air Bagan,W9,Myanmar,0.96
983,Air Canada Jazz,QK,Canada,0.97
995,Atlasjet,KK,Turkey,0.90
998,Air Koryo,JS,Democratic People's Republic of Korea,0.97
1006,Air Astana,KC,Kazakhstan,0.90
1008,Albanian Airlines,LV,Albania,0.92
1034,Aerolane,XL,Ecuador,0.92
1048,Atlantis European Airways,TD,Armenia,0.97
1052,Air Luxor,LK,Portugal,0.97
1057,Air Mauritius,MK,Mauritius,0.99
1066,Air Madagascar,MD,Madagascar,0.95
1073,Air Moldova,9U,Moldova,0.92
1087,Air Plus Comet,A7,Spain,0.97
1109,Astair,8D,Russian Federation,0.92
1116,Aero Contractors,AJ,Nigeria,0.96
1143,Aeropelican Air Services,OT,Australia,0.92
1188,Aer Arann,RE,Ireland,0.96
1191,Air Austral,UU,France,0.98
1200,Asian Spirit,6K,Philippines,0.83
1202,Air Afrique,RK,Ivory Coast,1.00
1203,Airlinair,A5,France,0.92
1206,Aero Lanka,QL,Sri Lanka,0.99
1216,Armavia,U8,Armenia,0.92
1224,AeroRep,P5,Colombia,0.93
1230,Aero-Service,BF,Republic of the Congo,0.92
1231,Aerosur,5L,Bolivia,0.96
1266,Avient Aviation,Z3,Zimbabwe,0.91
1287,Aircompany Yakutia,R3,Russia,0.98
1290,Aeromar,VW,Mexico,0.86
1299,Arkefly,OR,Netherlands,0.92
1308,Airlines PNG,CG,Papua New Guinea,1.00
1316,AirTran Airways,FL,United States,0.96
1317,Air Transat,TS,Canada,0.92
1322,Avialeasing Aviation Company,EC,Uzbekistan,0.98
1326,Tyrolean Airways,VO,Austria,0.90
1338,Aerolineas Galapagos (Aerogal),2K,Ecuador,0.93
1340,Alrosa Mirny Air Enterprise,6R,Russia,0.98
1355,British Airways,BA,United Kingdom,0.95
1359,Biman Bangladesh Airlines,BG,Bangladesh,0.92
1401,Belair Airlines,4T,Switzerland,0.99
1403,Bahamasair,UP,Bahamas,0.98
1406,Balkan Bulgarian Airlines,LZ,,1.00
1411,British International Helicopters,BS,United Kingdom,0.99
1422,Bangkok Airways,PG,Thailand,0.92
1427,Blue1,KF,Finland,0.93
1434,Bearskin Lake Air Service,JV,Canada,0.93
1436,Bellview Airlines,B3,Nigeria,0.92
1437,bmi,BD,United Kingdom,0.82
1441,bmibaby,WW,United Kingdom,0.91
1442,Bemidji Airlines,CH,United States,0.91
1463,Blue Panorama Airlines,BV,Italy,0.98
1472,Bering Air,8E,United States,0.92
1478,Belavia Belarusian Airlines,B2,Belarus,1.00
1500,Metro Batavia,7P,Indonesia,0.94
1508,Berjaya Air,J8,Malaysia,0.98
1510,Blue Wings,QW,Germany,0.97
1523,Brit Air,DB,France,0.92
1531,Brussels Airlines,SN,Belgium,0.94
1539,Binter Canarias,NT,Spain,1.00
1542,Blue Air,0B,Romania,0.90
1543,British Mediterranean Airways,KJ,United Kingdom,0.91
1548,Bulgaria Air,FB,Bulgaria,0.95
1550,Barents AirLink,8N,Sweden,0.96
1581,CAL Cargo Air Lines,5C,Israel,0.97
1607,Calima Aviacion,XG,Spain,0.96
1615,Canadian Airlines,CP,Canada,0.93
1623,Canadian North,5T,Canada,0.97
1629,Cape Air,9K,United States,0.94
1663,Caribbean Airlines,BW,Trinidad and Tobago,0.97
1669,Carpatair,V3,Romania,0.97
1675,Caspian Airlines,RV,Iran,1.00
1680,Cathay Pacific,CX,Hong Kong SAR of China,0.95
1682,Cayman Airways,KX,Cayman Islands,0.97
1683,Cebu Pacific,5J,Philippines,0.96
1708,Centralwings,C0,Poland,1.00
1739,Chautauqua Airlines,RP,United States,0.94
1756,China Airlines,CI,Taiwan,0.97
1758,China Eastern Airlines,MU,China,0.94
1767,China Southern Airlines,CZ,China,0.94
1769,China United Airlines,HR,China,0.96
1771,Yunnan Airlines,3Q,China,0.92
1781,Cimber Air,QI,Denmark,0.96
1784,Cirrus Airlines,C9,Germany,0.92
1789,City Airline,CF,Sweden,0.94
1790,City Connexion Airlines,G3,Burundi,0.96
1792,CityJet,WX,Ireland,0.91
1795,BA CityFlyer,CJ,United Kingdom,0.90
1814,Coastal Air,DQ,United States,1.00
1821,Colgan Air,9L,United States,0.99
1828,Comair,OH,United States,0.96
1829,Comair,MN,South Africa,0.91
1843,CommutAir,C5,United States,0.93
1844,Comores Airlines,KR,Comoros,0.93
1860,Compass Airlines,CP,United States,0.97
1868,Condor Flugdienst,DE,Germany,0.95
1876,Consorcio Aviaxsa,6A,Mexico,0.90
1879,Contact Air,C3,Germany,0.90
1881,Continental Airlines,CO,United States,0.95
1883,Continental Express,CO,United States,0.95
1884,Continental Micronesia,CS,United States,0.96
1886,Conviasa,V0,Venezuela,0.97
1889,Copa Airlines,CM,Panama,0.98
1908,Corsairfly,SS,France,1.00
1909,Corse-Mediterranee,XK,France,0.95
1925,Croatia Airlines,OU,Croatia,0.92
1936,Cubana de Aviación,CU,Cuba,0.91
1942,Cyprus Airways,CY,Cyprus,1.00
1943,Cyprus Turkish Airlines,YK,Turkey,0.97
1946,Czech Airlines,OK,Czech Republic,0.93
1954,DAT Danish Air Transport,DX,Denmark,0.93
1966,Daallo Airlines,D3,Djibouti,0.93
1973,Dalavia,H8,Russia,0.99
1983,Darwin Airline,0D,Switzerland,0.98
2009,Delta Air Lines,DL,United States,0.96
2021,Deutsche Bahn,2A,Germany,0.92
2041,Djibouti Airlines,D8,Djibouti,0.95
2047,Dominicana de Aviaci,DO,Dominican Republic,0.91
2048,Domodedovo Airlines,E3,Russia,0.94
2051,DonbassAero,5D,Ukraine,0.99
2056,Dragonair,KA,DRAGON,0.94
2058,Druk Air,KB,Bhutan,0.98
2077,dba,DI,Germany,0.91
2091,EVA Air,BR,Taiwan,0.90
2094,Eagle Air,H7,Uganda,0.90
2104,East African,QU,Uganda,0.90
2117,Eastern Airways,T3,United Kingdom,0.97
2125,Eastland Air,DK,Australia,0.99
2138,Edelweiss Air,WK,Switzerland,0.97
2143,Egyptair,MS,Egypt,0.98
2150,El Al Israel Airlines,LY,Israel,0.97
2155,El-Buraq Air Transport,UZ,Libya,0.93
2183,Emirates,EK,United Arab Emirates,0.93
2193,Empresa Ecuatoriana De Aviacion,EU,Ecuador,0.93
2213,Eritrean Airlines,B8,Eritrea,0.96
2218,Estonian Air,OV,Estonia,0.92
2220,Ethiopian Airlines,ET,Ethiopia,0.96
2222,Etihad Airways,EY,United Arab Emirates,0.99
2226,Euro Exec Express,RZ,Sweden,0.96
2237,Eurocypria Airlines,UI,Cyprus,0.90
2239,Eurofly Service,GJ,Italy,0.96
2245,Eurolot,K2,Poland,0.98
2251,European Air Express,EA,Germany,1.00
2260,Eurowings,EW,Germany,1.00
2261,Evergreen International Airlines,EZ,United States,0.97
2264,Excel Airways,JN,United Kingdom,0.96
2293,Express One International,EO,United States,1.00
2295,ExpressJet,XE,United States,0.96
2297,easyJet,U2,United Kingdom,0.96
2324,Far Eastern Air Transport,EF,Taiwan,0.93
2350,Finnair,AY,Finland,0.90
2351,Finncomm Airlines,FC,Finland,0.93
2353,Firefly,FY,Malaysia,0.90
2354,First Air,7F,Canada,0.91
2357,First Choice Airways,DP,United Kingdom,0.93
2395,Flightline,B5,United Kingdom,0.87
2404,Florida West International Airways,RF,United States,1.00
2417,AirAsia X,D7,Malaysia,1.00
2418,FlyLal,TE,Lithuania,0.94
2419,FlyNordic,LF,Sweden,0.93
2420,Flybaboo,F7,Switzerland,0.97
2421,Flybe,BE,United Kingdom,0.91
2425,Flyglobespan,B4,United Kingdom,0.96
2439,Formosa Airlines,VY,Taiwan,0.92
2454,Freedom Air,FP,United States,0.94
2468,Frontier Airlines,F9,United States,0.95
2470,Frontier Flying Service,2F,United States,0.90
2486,GB Airways,GT,United Kingdom,0.99
2520,Garuda Indonesia,GA,Indonesia,1.00
2524,Gazpromavia,4G,Russia,0.97
2538,Georgian Airways,A9,Georgia,0.98
2541,Georgian National Airlines,QB,Georgia,0.90
2547,Germania,ST,Germany,0.91
2548,Germanwings,4U,Germany,1.00
2556,Ghana International Airlines,G0,Ghana,0.94
2575,Go Air,G8,India,0.96
2577,GoJet Airlines,G7,United States,0.97
2581,Gol Transportes Aéreos,G3,Brazil,0.94
2585,Golden Air,DC,Sweden,0.84
2607,Great Lakes Airlines,ZK,United States,0.97
2622,Grupo TACA,TA,Costa Rica,0.91
2638,Gulf Air Bahrain,GF,Bahrain,0.98
2657,Hageland Aviation Services,H6,United States,0.99
2660,Hainan Airlines,HU,China,0.97
2663,Haiti Ambassador Airlines,2T,Haiti,0.94
2674,Hamburg International,4R,Germany,0.94
2681,TUIfly,X3,Germany,0.94
2682,Hapagfly,HF,Germany,0.92
2688,Hawaiian Airlines,HA,United States,0.96
2692,Hawkair,BH,Canada,0.93
2704,Heli France,8H,France,0.98
2731,Helijet,JB,Canada,0.94
2747,Hellas Jet,T4,Greece,0.98
2748,Hello,HW,Switzerland,0.94
2750,Helvetic Airways,2L,Switzerland,0.98
2757,Hex'Air,UD,France,0.94
2765,Hokkaido International Airlines,HD,Japan,0.80
2773,Hong Kong Airlines,HX,Hong Kong SAR of China,0.89
2774,Hong Kong Express Airways,UO,Hong Kong SAR of China,1.00
2778,Horizon Air,QX,United States,1.00
2782,Horizon Airlines,BN,Australia,0.98
2822,Iberia Airlines,IB,Spain,0.90
2825,Iberworld,TY,Spain,0.98
2826,Ibex Airlines,FW,Japan,1.00
2835,Icelandair,FI,Iceland,0.95
2845,Imair Airlines,IK,Azerbaijan,0.96
2850,IndiGo Airlines,6E,India,0.97
2853,Indian Airlines,IC,India,0.95
2855,Indigo,I9,United States,0.93
2857,Indonesia AirAsia,QZ,Indonesia,0.94
2858,Indonesian Airlines,IO,Indonesia,0.95
2881,Interair South Africa,D6,South Africa,0.95
2883,Interavia Airlines,ZA,Russia,0.96
2896,Interlink Airlines,ID,South Africa,0.94
2916,Intersky,3L,Austria,0.97
2922,Iran Air,IR,Iran,0.94
2923,Iran Aseman Airlines,EP,Iran,0.93
2926,Iraqi Airways,IA,Iraq,1.00
2937,Island Airlines,IS,United States,0.94
2942,Cargo Plus Aviation,8L,United Arab Emirates,0.87
2948,Islas Airways,IF,Spain,0.97
2950,Islena De Inversiones,WC,Honduras,0.97
2954,Israir,6H,Israel,0.98
2958,Itek Air,GI,Kyrgyzstan,0.90
2969,JAL Express,JC,Japan,0.97
2970,JALways,JO,Japan,0.94
2987,Japan Airlines,JL,Japan,1.00
2988,Japan Airlines Domestic,JL,Japan,0.97
2989,Japan Asia Airways,EG,Japan,0.92
2990,Japan Transocean Air,NU,Japan,0.97
2993,Jazeera Airways,J9,Kuwait,0.93
2994,Jeju Air,7C,Republic of Korea,0.92
3000,Jet Airways,9W,India,0.94
3001,Jet Airways,QJ,United States,0.87
3021,Jetstar Asia Airways,3K,Singapore,0.90
3026,Jet2.com,LS,United Kingdom,0.93
3027,Jet4You,8J,Morocco,1.00
3029,JetBlue Airways,B6,United States,1.00
3032,Jetairfly,JF,Belgium,0.94
3052,Jetstar Airways,JQ,Australia,1.00
3081,Juneyao Airlines,HO,China,0.90
3087,KD Avia,KD,Russia,0.80
3088,KLM Cityhopper,WA,Netherlands,0.95
3090,KLM Royal Dutch Airlines,KL,Netherlands,0.95
3097,Kam Air,RQ,Afghanistan,0.94
3110,Kavminvodyavia,KV,Russia,0.99
3123,Kenmore Air,M5,United States,0.94
3126,Kenya Airways,KQ,Kenya,0.90
3142,Kingfisher Airlines,IT,India,0.94
3148,Kish Air,Y9,Iran,0.99
3157,Kogalymavia Air Company,7K,Russia,0.93
3163,Korean Air,KE,Republic of Korea,0.99
3168,Krasnojarsky Airlines,7B,Russia,0.93
3175,Kuban Airlines,GW,Russia,0.93
3179,Kuwait Airways,KU,Kuwait,0.92
3180,Kuzu Airlines Cargo,GO,Turkey,0.93
3197,LACSA,LR,Costa Rica,0.97
3200,LAN Airlines,LA,Chile,0.90
3201,LAN Argentina,4M,Argentina,0.95
3204,LAN Express,LU,Chile,0.96
3205,LAN Peru,LP,Peru,0.90
3210,LOT Polish Airlines,LO,Poland,0.95
3211,LTE International Airways,XO,Spain,0.96
3212,LTU Austria,L3,Austria,0.97
3233,Lao Airlines,QV,Lao Peoples Democratic Republic,0.93
3239,Lauda Air,NG,Austria,0.82
3251,Leeward Islands Air Transport,LI,Antigua and Barbuda,0.98
3258,Libyan Arab Airlines,LN,Libya,0.92
3287,Linhas A,LM,Mozambique,0.90
3290,Lion Mentari Airlines,JT,Indonesia,1.00
3319,Luftfahrtgesellschaft Walter,HE,Germany,0.99
3320,Lufthansa,LH,Germany,0.93
3321,Lufthansa Cargo,LH,Germany,0.98
3322,Lufthansa CityLine,CL,Germany,1.00
3326,Lufttransport,L5,Norway,1.00
3329,Luxair,LG,Luxembourg,0.96
3342,L,MJ,Argentina,0.90
3349,MasAir,M7,Mexico,0.98
3350,MAT Macedonian Airlines,IN,Macedonia,1.00
3354,MIAT Mongolian Airlines,OM,Mongolia,0.93
3357,MNG Airlines,MB,Turkey,0.90
3363,Macair Airlines,CC,Australia,0.95
3366,Maersk,DM,Denmark,0.94
3370,Mahan Air,W5,Iran,0.81
3378,Malaysia Airlines,MH,Malaysia,0.91
3386,Malmö Aviation,TF,Sweden,0.98
3387,Malta Air Charter,R5,Malta,0.97
3389,Malév,MA,Hungary,0.91
3391,Mandala Airlines,RI,Indonesia,0.99
3392,Mandarin Airlines,AE,Taiwan,0.99
3393,Mango,JE,South Africa,0.94
3411,Martinair,MP,Netherlands,1.00
3432,Maxair,8M,Sweden,0.82
3437,Maya Island Air,MW,Belize,0.92
3463,Meridiana,IG,Italy,0.93
3465,Merpati Nusantara Airlines,MZ,Indonesia,0.91
3466,Mesa Airlines,YV,United States,0.90
3467,Mesaba Airlines,XJ,United States,0.92
3479,Mexicana de Aviaci,MX,Mexico,1.00
3490,Middle East Airlines,ME,Lebanon,0.95
3494,Midway Airlines,JI,United States,1.00
3497,Midwest Airlines,YX,United States,0.98
3498,Midwest Airlines (Egypt),MY,Egypt,0.98
3529,Moldavian Airlines,2M,Moldova,0.90
3532,Monarch Airlines,ZB,United Kingdom,0.90
3534,Myway Airlines,8I,Italy,0.95
3539,Montenegro Airlines,YM,Montenegro,0.99
3545,Moskovia Airlines,3R,Russia,0.94
3547,Motor Sich,M9,Ukraine,0.93
3568,MyTravel Airways,VZ,United Kingdom,0.92
3569,Myanma Airways,UB,Myanmar,0.92
3570,Myanmar Airways International,8M,Myanmar,0.97
3589,Nasair,UE,Eritrea,0.99
3608,National Jet Systems,NC,Australia,1.00
3613,Nationwide Airlines,CE,South Africa,0.98
3618,Nauru Air Corporation,ON,Nauru,0.86
3637,Nepal Airlines,RA,Nepal,0.93
3641,NetJets,1I,United States,0.97
3644,New England Airlines,EJ,United States,0.97
3652,NextJet,2N,Sweden,0.93
3661,Niki,HG,Austria,0.91
3674,Nok Air,DD,Thailand,0.92
3721,Northern Dene Airways,U7,Canada,0.94
3731,Northwest Airlines,NW,United States,0.94
3734,Northwestern Air,J3,Canada,0.96
3737,Norwegian Air Shuttle,DY,Norway,1.00
3740,Nouvel Air Tunisie,BJ,Tunisia,0.93
3743,Novair,1I,Sweden,0.94
3754,Nas Air,XY,Saudi Arabia,0.99
3759,Oasis Hong Kong Airlines,O8,Hong Kong,0.93
3764,Oceanair,O6,Brazil,0.95
3765,Oceanic Airlines,O2,Guinea,0.96
3776,Olympic Airlines,OA,Greece,0.94
3778,Oman Air,WY,Oman,0.94
3781,Omni Air International,OY,United States,0.92
3788,Onur Air,8Q,Turkey,0.92
3805,Orenburg Airlines,R2,Russia,0.94
3811,Orient Thai Airlines,OX,Thailand,0.95
3814,Origin Pacific Airways,QO,New Zealand,0.91
3822,Ostfriesische Lufttransport,OL,Germany,0.90
3826,Overland Airways,OJ,Nigeria,0.96
3831,Ozjet Airlines,O7,Australia,0.94
3834,PAN Air,PV,Spain,1.00
3835,PB Air,9Q,Thailand,0.93
3839,PLUNA,PU,Uruguay,0.90
3840,PMTair,U4,Cambodia,0.91
3850,Jetstar Pacific,BL,Vietnam,0.90
3856,Pacific Coastal Airline,8P,Canada,1.00
3857,Pacific East Asia Cargo Airlines,Q8,Philippines,0.88
3865,Pacific Wings,LW,United States,0.93
3871,Pakistan International Airlines,PK,Pakistan,0.94
3907,Paramount Airways,I7,India,0.94
3926,Pegasus Airlines,PC,Turkey,0.90
3935,Peninsula Airways,KS,United States,0.93
3952,Philippine Airlines,PR,Philippines,0.99
3969,Piedmont Airlines (1948-1989),PI,United States,0.97
3976,Pinnacle Airlines,9E,United States,0.99
4013,Polynesian Airlines,PH,Samoa,0.99
4021,Porter Airlines,PD,Canada,0.99
4022,Portugalia,NI,Portugal,1.00
4026,Potomac Air,BK,United States,0.95
4031,Precision Air,PW,Tanzania,0.97
4066,Proflight Commuter Services,P0,Zambia,0.97
4089,Qantas,QF,Australia,0.91
4091,Qatar Airways,QR,Qatar,0.90
4106,RACSA,R6,Guatemala,0.97
4177,Regional Airlines,FN,Morocco,0.96
4178,Regional Express,ZL,Australia,0.98
4187,Republic Airlines,RW,United States,0.95
4188,Republic Express Airlines,RH,Indonesia,0.98
4232,Rossiya,R4,Russia,0.96
4234,Air Rarotonga,GZ,Cook Islands,0.93
4248,Royal Air Maroc,AT,Morocco,1.00
4255,Royal Brunei Airlines,BI,Brunei,0.93
4259,Royal Jordanian,RJ,Jordan,0.91
4264,Royal Nepal Airlines,RA,Nepal,0.92
4292,Rwandair Express,WB,Rwanda,0.97
4295,Ryan International Airlines,RD,United States,0.99
4296,Ryanair,FR,Ireland,0.90
4299,Régional,YS,France,0.96
4304,SATA International,S4,Portugal,0.91
4305,South African Airways,SA,South Africa,0.91
4311,Shaheen Air International,NL,Pakistan,0.95
4319,Scandinavian Airlines System,SK,Sweden,0.95
4329,S7 Airlines,S7,Russia,0.91
4335,Seaborne Airlines,BB,United States,0.92
4349,SriLankan Airlines,UL,Sri Lanka,0.85
4356,Sun Country Airlines,SY,United States,1.00
4374,Sky Express,G3,Greece,1.00
4375,Spicejet,SG,India,0.96
4388,Star Flyer,7G,Japan,0.96
4411,Skagway Air Service,N5,United States,0.92
4429,SATA Air Acores,SP,Portugal,1.00
4435,Singapore Airlines,SQ,Singapore,0.99
4436,Sibaviatrans,5M,Russia,0.96
4438,Skynet Airlines,SI,Ireland,0.97
4454,Sriwijaya Air,SJ,Indonesia,0.80
4455,Sama Airlines,ZS,Saudi Arabia,0.95
4464,Singapore Airlines Cargo,SQ,Singapore,0.92
4469,Siem Reap Airways,FT,Cambodia,0.95
4475,South East Asian Airlines,DG,Philippines,0.97
4496,Skyservice Airlines,5G,Canada,1.00
4513,Servicios de Transportes A,FS,Argentina,0.91
4521,Sudan Airways,SD,Sudan,0.91
4533,Saudi Arabian Airlines,SV,Saudi Arabia,0.95
4547,Southwest Airlines,WN,United States,1.00
4550,Southern Winds Airlines,A4,Argentina,0.92
4559,Swiss International Air Lines,LX,Switzerland,0.98
4560,Swissair,SR,Switzerland,0.92
4564,Swe Fly,WV,Sweden,0.87
4573,SunExpress,XQ,Turkey,0.90
4586,Syrian Arab Airlines,RB,Syrian Arab Republic,0.94
4589,Skywalk Airlines,AL,United States,0.97
4599,Shandong Airlines,SC,China,0.90
4607,Spring Airlines,9S,China,0.93
4608,Sichuan Airlines,3U,China,0.99
4609,Shanghai Airlines,FM,China,1.00
4611,Shenzhen Airlines,ZH,China,0.90
4619,Sun D'Or,7L,Israel,0.94
4620,SkyEurope,NE,Slovakia,0.92
4652,Spanair,JK,Spain,0.99
4687,Spirit Airlines,NK,United States,0.95
4691,SATENA,9R,Colombia,0.98
4735,Santa Barbara Airlines,S3,Venezuela,0.96
4737,Sky Airline,H2,Chile,0.92
4738,SkyWest,OO,United States,0.94
4739,Skyways Express,JZ,Sweden,1.00
4740,Skymark Airlines,BC,Japan,0.95
4750,SilkAir,MI,Singapore,0.92
4752,Surinam Airways,PY,Suriname,0.90
4776,Sterling Airlines,NB,Denmark,1.00
4781,Skynet Asia Airways,6J,Japan,0.92
4797,Solomon Airlines,IE,Solomon Islands,0.90
4805,Saratov Aviation Division,6W,Russia,0.90
4808,Sat Airlines,HZ,Kazakhstan,0.98
4822,Shuttle America,S5,United States,0.92
4840,Scat Air,DV,Kazakhstan,0.90
4863,TAME,EQ,Ecuador,0.84
4867,TAM Brazilian Airlines,JJ,Brazil,1.00
4869,TAP Portugal,TP,Portugal,0.96
4870,Tunisair,TU,Tunisia,0.95
4889,Thai Air Cargo,T2,Thailand,0.99
4896,Thomas Cook Airlines,FQ,Belgium,0.93
4897,Thomas Cook Airlines,MT,United Kingdom,0.96
4936,Tiger Airways,TR,Singapore,0.90
4937,Tiger Airways Australia,TT,Australia,0.96
4940,Thai Airways International,TG,Thailand,0.99
4947,Thai AirAsia,FD,Thailand,0.99
4951,Turkish Airlines,TK,Turkey,0.92
4965,Twin Jet,T7,France,1.00
4981,Trans Mediterranean Airlines,TL,Lebanon,0.91
5002,Tiara Air,3P,Aruba,0.97
5013,Thomsonfly,BY,United Kingdom,0.94
5016,Tropic Air,PM,Belize,0.94
5020,TAMPA,QT,Colombia,0.91
5038,TransAsia Airways,GE,Taiwan,0.94
5039,Transavia Holland,HV,Netherlands,0.99
5041,TACV,VR,Portugal,0.94
5064,Transwest Air,9T,Canada,0.93
5067,Transaero Airlines,UN,Russia,0.91
5083,Turkmenistan Airlines,T5,Turkmenistan,0.92
5085,Tuninter,UG,Tunisia,0.99
5097,Travel Service,QS,Czech Republic,0.98
5122,TUIfly Nordic,6B,Sweden,0.91
5133,TAAG Angola Airlines,DT,Angola,0.98
5156,TAM Mercosur,PZ,Paraguay,0.93
5160,Trans States Airlines,AX,United States,0.96
5179,Tarom,RO,Romania,0.93
5187,Turan Air,3T,Azerbaijan,0.92
5188,TRIP Linhas A,8R,Brazil,0.99
5207,USA3000 Airlines,U5,United States,0.99
5209,United Airlines,UA,United States,1.00
5234,Ural Airlines,U6,Russia,0.90
5251,UM Airlines,UF,Ukraine,0.91
5265,US Airways,US,United States,0.98
5271,UTair Aviation,UT,Russia,0.95
5281,Uzbekistan Airways,HY,Uzbekistan,0.99
5282,Ukraine International Airlines,PS,Ukraine,0.97
5284,US Helicopter Corporation,UH,United States,0.90
5297,Valuair,VF,Singapore,0.96
5309,Vietnam Airlines,VN,Vietnam,1.00
5311,VIM Airlines,NN,Russia,0.98
5325,Volaris,Y4,Mexico,0.93
5326,Volga-Dnepr Airlines,VI,Russia,0.95
5331,Virgin America,VX,United States,0.92
5333,Virgin Express,TV,Belgium,0.92
5335,Virgin Nigeria Airways,VK,Nigeria,0.95
5347,Virgin Atlantic Airways,VS,United Kingdom,0.94
5350,Viva Macau,ZG,Macao,0.90
5351,Volare Airlines,VE,Italy,0.97
5352,Vueling Airlines,VY,Spain,0.98
5353,Vladivostok Air,XF,Russia,0.94
5354,Varig Log,LC,Brazil,0.80
5360,Virgin Australia,VA,Australia,0.94
5368,VRG Linhas Aereas,RG,Brazil,0.95
5373,VASP,VP,Brazil,0.93
5383,VLM Airlines,VG,Belgium,0.94
5397,Wayraper,7W,Peru,0.99
5399,WebJet Linhas A,WJ,Brazil,0.96
5401,Welcome Air,2W,Austria,0.99
5411,West Coast Air,8O,Canada,0.92
5416,WestJet,WS,Canada,0.93
5424,Western Airlines,WA,United States,0.82
5439,Widerøe,WF,Norway,0.92
5447,Wind Jet,IV,Italy,0.94
5451,Wings Air,IW,Indonesia,0.90
5461,Wizz Air,W6,Hungary,0.91
5462,Wizz Air Hungary,8Z,Bulgaria,0.99
5465,World Airways,WO,United States,0.94
5479,XL Airways France,SE,France,0.94
5484,Xiamen Airlines,MF,China,0.95
5492,Yamal Airlines,YL,Russia,0.90
5496,Yemenia,IY,Yemen,0.95
5523,Zoom Airlines,Z4,Canada,0.98
5559,Maldivian Air Taxi,8Q,Maldives,0.91
5584,Sky Express,XW,Russia,0.99
5651,Royal Air Cambodge,VJ,Cambodia,0.93
5813,Air Mandalay,6T,Burma,0.95
5982,Air Busan,BX,Republic of Korea,0.98
6196,Globus,GH,Russia,0.94
6222,Air Kazakhstan,9Y,Kazakhstan,1.00
6557,Japan Air System,JD,Japan,0.90
6855,EasyJet (DS),DS,Switzerland,0.98
8359,Star Peru (2I),2I,Peru,0.93
8461,Carnival Air Lines,KW,United States,0.95
8463,United Airways,4H,Bangladesh,0.91
8576,Fly540,5H,Kenya,0.94
8745,Transavia France,TO,France,0.90
8809,Island Air (WP),WP,United States,0.94
9082,Uni Air,B7,Taiwan,0.95
9135,Gomelavia,YD,Belarus,0.97
9239,Red Wings,WZ,Russia,0.97
9343,Felix Airways,FU,Yemen,0.99
9344,Kostromskie avialinii,K1,Russia,0.91
9373,Greenfly,XX,Spain,0.92
9531,Tajik Air,7J,Tajikistan,0.92
9541,Air Mozambique,TM,Mozambique,0.90
9620,Gabon Airlines,GY,Gabon,0.92
9656,Maldivo Airlines,ML,Maldives,0.93
9666,Virgin Pacific,VH,Fiji,0.98
9764,Zest Air,Z2,Philippines,1.00
9784,Yangon Airways,HK,Burma,0.99
9809,Eastar Jet,ZE,South Korea,0.97
9810,Jin Air,LJ,South Korea,0.97
9818,Air Arabia Maroc,3O,Morocco,0.95
9825,Baltic Air lines,B1,Latvia,0.85
9828,Ciel Canadien,YC,Canada,0.93
9829,Canadian National Airways,CN,Canada,1.00
9833,Epic Holiday,FA,United States,0.86
9851,Air Comet Chile,3I,Chile,0.96
10114,Line Blue,L8,Germany,0.92
10122,Salzburg arrows,SZ,Austria,0.93
10123,Texas Wings,TQ,United States,1.00
10128,Dennis Sky,DH,Israel,0.93
10224,Zz,ZZ,Belgium,1.00
10226,Atifly,A1,United States,0.93
10650,Pal airlines,5P,Chile,0.92
10673,CanXpress,C1,Canada,0.90
10674,Danube Wings (V5),V5,Slovakia,0.97
10675,Sharp Airlines,SH,Australia,0.94
10683,CanXplorer,C2,Canada,0.96
10715,Click (Mexicana),QA,Mexico,0.92
10735,World Experience Airline,W1,Canada,0.98
10737,ALAK,J4,Russia,0.97
10739,Air Choice One,3E,United States,0.97
10741,China United,KN,China,0.98
10748,Locair,ZQ,United States,1.00
10758,Safi Airlines,4Q,Afghanistan,0.95
10765,SeaPort Airlines,K5,United States,0.90
10776,Salmon Air,S6,United States,0.91
10800,Star1 Airlines,V9,Lithuania,0.98
10845,Pelita,6D,Indonesia,0.96
10912,Alaska Seaplane Service,J5,United States,0.95
10955,MexicanaLink,I6,Mexico,0.93
10960,Island Spirit,IP,Iceland,0.96
10969,TACA Peru,T0,Peru,0.92
11731,Pan Am World Airways Dominicana,7Q,Dominican Republic,0.92
11732,Primera Air,PF,Iceland,0.96
11741,Air Antilles Express,3S,Guadeloupe,0.92
11755,Regional Paraguaya,P7,Paraguay,0.98
11761,VIP Ecuador,V6,Ecuador,1.00
11763,Peruvian Airlines,P9,Peru,1.00
11767,Polar Airlines,ЯП,Russia,0.90
11794,Catovair,OC,Mauritius,0.99
11804,Halcyonair,7Z,Cape Verde,0.91
11805,Business Aviation,4P,Congo (Kinshasa),0.94
11806,Compagnie Africaine d\\'Aviation,E9,Congo (Kinshasa),0.97
11808,Zambia Skyways,K8,Zambia,0.92
11811,AlMasria Universal Airlines,UJ,Egypt,0.91
11814,SmartLynx Airlines,6Y,Latvia,0.94
11816,KoralBlue Airlines,K7,Egypt,0.93
11823,Elysian Airlines,E4,Cameroon,0.92
11834,Hellenic Imperial Airways,HT,Greece,0.96
11836,Amsterdam Airlines,WD,Netherlands,0.99
11838,Arik Niger,Q9,Niger,1.00
11839,Dana Air,DA,Nigeria,0.94
11840,STP Airways,8F,Sao Tome and Principe,0.81
11843,Med Airways,7Y,Lebanon,0.92
11850,Skyjet Airlines,UQ,Uganda,0.99
11855,Air Volga,G6,Russia,0.86
11857,Royal Falcon,RL,Jordan,0.95
11873,Euroline,4L,Georgia,0.90
11947,Athens Airways,ZF,Greece,0.98
11948,Viking Hellas,VQ,Greece,0.98
11963,Starline.kz,DZ,Kazakhstan,0.98
12960,Lugansk Airlines,L7,Ukraine,1.00
12961,Gryphon Airlines,6P,United States,0.98
12962,Gadair European Airlines,GP,Spain,0.93
12965,Spirit of Manila Airlines,SM,Philippines,0.92
12975,Chongqing Airlines,OQ,China,0.98
12978,West Air China,PN,China,0.97
12997,QatXpress,C3,Qatar,0.96
13076,OneChina,1C,China,0.99
13088,NordStar Airlines,Y7,Russia,0.96
13089,Joy Air,JR,China,0.92
13105,Air India Regional,CD,India,0.94
13106,MDLR Airlines,9H,India,0.94
13108,Maldivian,Q2,Maldives,0.93
13130,Xpressair,XN,Indonesia,0.93
13178,Strategic Airlines,VC,Australia,0.94
13190,Al-Naser Airlines,NA,Iraq,0.91
13200,Fuji Dream Airlines,JH,Japan,0.91
13218,SGA Airlines,5E,Thailand,0.91
13242,Air2there,F8,New Zealand,0.90
13254,Avianova (Russia),AO,Russia,0.97
13303,Parmiss Airlines (IPV),PA,Iran,0.97
13304,EuropeSky,ES,Germany,0.93
13306,BRAZIL AIR,GB,Brazil,0.93
13335,Homer Air,MR,Germany,0.94
13633,PanAm World Airways,WQ,United States,0.98
13690,Virginwings,YY,Germany,0.98
13704,KSY,KY,Greece,0.95
13732,Buquebus Líneas Aéreas,BQ,Uruguay,0.93
13734,SOCHI AIR,CQ,Russia,0.91
13757,Wizz Air Ukraine,WU,Ukraine,0.98
13815,LCM AIRLINES,LQ,Russia,0.95
13899,Cambodia Angkor Air (K6),K6,Cambodia,0.96
13983,Azul,AD,Brazil,0.92
14061,LSM Airlines,PQ,Russia,0.91
14094,LionXpress,C4,Cameroon,1.00
14118,Genesis,GK,Pakistan,0.90
14388,Congo Express,XZ,Congo (Kinshasa),0.91
14485,Fly Dubai,FZ,United Arab Emirates,0.88
14620,Domenican Airlines,D1,Dominican Republic,0.95
14849,Aereonautica militare,JY,Italy,0.93
14881,LSM AIRLINES ,YZ,Russia,0.95
15814,UTair-Express,UR,Russia,0.93
15837,Huaxia,G5,China,0.95
15867,Zabaykalskii Airlines,ZP,Russia,0.90
15893,Marysya Airlines,M4,Russia,0.98
15897,N1,N1,Peru,0.96
15930,Airlink (SAA),4Z,South Africa,1.00
15953,JobAir,3B,Czech Republic,0.96
15975,Black Stallion Airways,BZ,United States,0.94
15984,German International Air Lines,GM,Germany,0.93
15985,TrasBrasil,TB,Brazil,0.94
15989,TransBrasil Airlines,TH,Brazil,0.93
15999,China SSS,9C,China,0.94
16103,Air Mekong,P8,Vietnam,0.99
16110,Harbour Air (Priv),H3,Canada,0.98
16116,Air Hamburg (AHO),HH,Germany,0.93
16120,ZABAIKAL AIRLINES,Z6,Russia,0.83
16127,TransHolding,TI,Brazil,0.94
16133,Yeti Airways,YT,Nepal,1.00
16135,Yellowstone Club Private Shuttle,Y1,United States,0.92
16136,Caucasus Airlines,NS,Georgia,0.90
16139,Serbian Airlines,S1,Serbia,0.94
16149,Windward Islands Airways,WM,Netherlands Antilles,0.92
16150,TransHolding System,YO,Brazil,0.91
16151,CCML Airlines,CB,Colombia,0.94
16234,Fly Brasil,F1,Brazil,0.92
16261,CB Airways UK ( Interliging Flights ),1F,United Kingdom,0.99
16262,Fly Colombia ( Interliging Flights ),3F,Colombia,0.98
16264,Trans Pas Air,T6,United States,0.94
16273,KMV,МИ,Russia,0.98
16323,Himalayan Airlines,HC,Nepal,0.99
16327,Indya Airline Group,G1,India,0.92
16329,Sunwing,WG,Canada,0.95
16359,Japan Regio,ZX,Japan,0.96
16363,Norte Lineas Aereas,N0,Argentina,0.99
16364,Austral Brasil,W7,Brazil,0.88
16373,PEGASUS AIRLINES-,H9,Turkey,0.97
16415,Camair-co,QC,Cameroon,0.99
16459,Sky Regional,RS,Canada,0.90
16507,LSM International ,II,Russia,0.91
16508,Baikotovitchestrian Airlines ,BU,American Samoa,0.96
16511,Luchsh Airlines ,L4,Russia,0.97
16585,Air Cargo Germany,6U,Germany,0.96
16615,Mongolian International Air Lines ,7M,Mongolia,1.00
16624,Tway Airlines,TW,South Korea,1.00
16625,Papillon Grand Canyon Helicopters,HI,United States,0.94
16628,Jusur airways,JX,Egypt,1.00
16645,NEXT Brasil,XB,Brazil,0.91
16660,AeroWorld ,W4,Russia,0.93
16695,GNB Linhas Aereas,GN,Brazil,1.00
16702,Usa Sky Cargo,E1,United States,1.00
16707,Hankook Airline,HN,South Korea,0.91
16717,REDjet,Z7,Barbados,0.80
16720,Red Jet Andes,PT,Peru,1.00
16721,Red Jet Canada,QY,Canada,0.93
16724,Red Jet Mexico,4X,Mexico,1.00
16725,Marusya Airways,Y8,Russia,0.90
16726,Era Alaska,7H,United States,1.00
16728,AirRussia,R8,Russia,0.95
16735,Hankook Air US,H1,United States,0.94
16796,I-Fly,H5,Russia,0.86
16837,VickJet,KT,France,0.90
16844,BVI Airways,XV,British Virgin Islands,0.99
16860,Salsa d\\'Haiti,SO,Haiti,0.98
16867,Zambezi Airlines (ZMA),ZJ,Zambia,0.82
16882,Polet Airlines (Priv),YQ,Russia,0.91
16942,Mauritania Airlines International,L6,Mauritania,0.92
16956,MAT Airways,6F,Macedonia,1.00
16960,Asian Wings Airways,AW,Burma,0.93
16963,Air Arabia Egypt,E5,Egypt,0.91
16975,Alitalia Cityliner,CT,Italy,0.95
17022,Orchid Airlines,OI,Australia,0.98
17023,Asia Wings,Y5,Kazakhstan,0.89
17082,Skywest Australia,XR,Australia,0.97
17083,Nile Air,NP,Egypt,0.94
17094,Senegal Airlines,DN,Senegal,0.97
17095,Fly 6ix,6I,Sierra Leone,1.00
17099,Starbow Airlines,S9,Ghana,0.86
17115,Copenhagen Express,0X,Denmark,0.92
17408,BusinessAir,8B,Thailand,0.94
17519,SENIC AIRLINES,YR,United States,0.92
17571,Sky Wing Pacific,C7,South Korea,0.93
17574,Air Indus,PP,Pakistan,0.96
17675,Peach Aviation,MM,Japan,0.99
17750,Aviabus,U1,Russia,0.94
17780,Michael Airlines,DF,Puerto Rico,0.90
17786,Korongo Airlines,ZC,Congo (Kinshasa),0.99
17794,Indonesia Sky,I5,Indonesia,0.99
17841,Aws express,B0,United States,0.98
17881,Iberia Express,I2,Spain,0.96
17885,Interjet (ABC Aerolineas),4O,Mexico,0.96
17889,AirOnix,OG,Ukraine,0.94
17890,Nordic Global Airlines,NJ,Finland,0.97
17891,Scoot,TZ,Singapore,0.99
17909,Hi Fly (5K),5K,Portugal,0.95
17911,China Northwest Airlines (WH),WH,China,0.96
17935,Zenith International Airline,ZN,Thailand,0.94
17936,Orbit Airlines Azerbaijan,O1,Azerbaijan,0.91
17989,Air Alps Aviation (A6),A6,Austria,0.97
18169,Patriot Airways,P4,United States,0.92
18178,Vision Airlines (V2),V2,United States,0.98
18232,BQB Lineas Aereas,5Q,Uruguay,0.96
18239,Yellowtail,YE,United States,0.99
18241,Royal Airways,KG,United States,0.92
18252,FlyHigh Airlines Ireland (FH),FH,Ireland,0.98
18477,Aero VIP (2D),2D,Portugal,0.90
18497,Yangon Airways Ltd.,YH,Burma,0.96
18529,T.J. Air,TJ,United States,0.91
18543,SkyWork Airlines ,SX,Switzerland,0.95
18553,Maastricht Airlines,W2,Netherlands,1.00
18700,SOCHI AIR CHATER,Q3,Russia,0.91
18702,Denim Air ,J7,Norway,0.94
18732,Malindo Air,OD,Malaysia,0.90
18825,Flightlink Tanzania,Z9,Tanzania,0.97
18828,IzAvia,I8,Russia,0.91
18930,Maryland Air,M1,United States,0.98
18944,Insel Air (7I/INC) (Priv),7I,Netherlands Antilles,0.97
18946,VivaColombia,5Z,Colombia,0.85
19016,Apache Air,ZM,United States,1.00
19026,MHS Aviation GmbH,M2,Germany,0.91
19030,Jettor Airlines,NR,Hong Kong,0.93
19225,Thai Lion Air,SL,Thailand,0.91
19287,National Air Cargo,N8,United States,0.91
19305,Citilink Indonesia,QG,Indonesia,0.94
19361,Snowbird Airlines,S8,Finland,0.92
19367,Kharkiv Airlines,KH,Ukraine,0.98
19433,XAIR USA,XA,United States,0.93
19451,Air Costa,LB,India,1.00
19473,XPTO,XP,Portugal,0.99
19541,Malawian Airlines,3W,Malawi,0.96
19582,Air Serbia,JU,Serbia,0.90
19610,Air Lituanica,LT,Lithuania,0.90
19674,Rainbow Air (RAI),RN,United States,0.97
19675,Rainbow Air Canada,RY,Canada,1.00
19676,Rainbow Air Polynesia,RX,United States,0.95
19677,Rainbow Air Euro,RU,United Kingdom,0.97
19678,Rainbow Air US,RM,United States,0.92
19751,Dobrolet,QD,Russia,0.90
19774,Spike Airlines,S0,United States,0.97
19803,All Argentina,L1,Argentina,0.95
19804,All America,A2,United States,0.91
19805,All Asia,L9,China,0.91
19806,All Africa,9A,South Africa,0.99
19807,Regionalia México,N4,Mexico,0.98
19808,All Europe,N9,United Kingdom,0.92
19809,All Spain,N7,Spain,0.93
19810,Regional Air Iceland,9N,Iceland,0.98
19812,Voestar,8K,Brazil,0.93
19813,All Colombia,7O,Colombia,0.92
19814,Regionalia Uruguay,2X,Uruguay,1.00
19815,Regionalia Venezuela,9X,Venezuela,0.98
19827,Regionalia Chile,9J,Chile,0.96
19828,Vuela Cuba,6C,Cuba,0.96
19831,Fly Europa,ER,Spain,0.95
19834,FlyPortugal,PO,Portugal,0.94
19886,Spring Airlines Japan,IJ,Japan,0.94
19890,Dense Airways,KP,United States,0.91
19891,Dense Connection,KZ,United States,0.99
19908,Vuola Italia,4S,Italy,0.90
19927,Island Express Air,1X,Canada,0.99
19928,All Argentina Express,Z0,Argentina,0.95
19930,Thai Smile Airways,WE,Thailand,0.84
19944,International AirLink,I4,Jamaica,0.90
19963,Real Tonga,RT,Tonga,0.92
19970,All America AR,2R,Argentina,0.96
19971,All America CL,1R,Chile,1.00
19974,SOCHI AIR EXPRESS,Q4,Russia,0.95
19977,All America BR,1Y,Brazil,0.90
20004,Volotea Costa Rica,9V,Costa Rica,0.94
20017,Fly Romania,X5,Romania,0.87
20047,Eagle Atlantic Airlines,E2,Ghana,0.92
20073,All America CO,0Y,Colombia,0.96
20074,All America MX,0M,Mexico,1.00
20110,FOX Linhas Aereas,FX,Brazil,0.90
20127,Air Kenya (Priv),QP,Kenya,0.93
20144,Via Conectia Airlines,6V,Uruguay,0.94
20160,City Airways,E8,Thailand,0.96
20170,Norwegian Long Haul AS,DU,Norway,0.97
20207,TransNusa Air,M8,Indonesia,0.97
20218,Tomp Airlines,ZT,Chile,0.99
20222,OneJet,J1,United States,0.97
20224,Global Airlines,0G,Argentina,0.95
20264,Air Vistara,UK,India,0.91
20268,TransRussiaAirlines,1E,Russia,0.90
20270,Severstal Air Company,D2,Russia,0.90
20282,REXAIR VIRTUEL,RR,France,0.98
20285,WestJet Encore,WR,Canada,0.94
20286,Air Pegasus,OP,India,0.91
20288,International Europe,9I,Spain,0.93
20401,V Air,ZV,Taiwan,1.00
20565,Boutique Air (Priv),4B,United States,0.94
20577,VOLOTEA Airways,V7,Spain,0.91
20599,INAVIA Internacional,Z5,Argentina,0.95
20607,Liberty Airways,LE,United States,0.92
20608,Аэросервис,АЯ,Russia,0.92
20657,Bassaka airlines,5B,Cambodia,0.95
20686,SkyBahamas Airlines,Q7,Bahamas,0.91
20695,UVT Aero,UW,Russia,0.98
20710,Silver Airways (3M),3M,United States,0.97
20752,ATA Airlines (Iran),I3,Iran,0.90
20769,VIA Líneas Aéreas,V1,Argentina,0.99
20802,GermanXL,GX,Germany,0.97
20827,Fly France,FF,France,0.92
20881,Europe Jet,EX,France,0.92
20976,World Scale Airlines,W3,United States,1.00
20978,All America US,AG,United States,0.99
20995,BudgetAir,1K,Germany,0.94
21012,Fly One,F5,Moldova,0.92
21021,Nordica,EE,Estonia,1.00
21131,All America BOPY,0P,Paraguay,0.96
21268,Jetgo Australia,JG,Australia,0.94
21270,Air Carnival,2S,India,0.93
21317,Svyaz Rossiya,7R,Russia,0.92